observation_date,TLPBLCONS
1993-01-01,113906
1993-02-01,119243
1993-03-01,119772
1993-04-01,126908
1993-05-01,121634
1993-06-01,129212
1993-07-01,129298
1993-08-01,130039
1993-09-01,131983
1993-10-01,126606
1993-11-01,132425
1993-12-01,137897
1994-01-01,126467
1994-02-01,124573
1994-03-01,125942
1994-04-01,123666
1994-05-01,125991
1994-06-01,131725
1994-07-01,133537
1994-08-01,133205
1994-09-01,132130
1994-10-01,135310
1994-11-01,131047
1994-12-01,135129
1995-01-01,132958
1995-02-01,130106
1995-03-01,135758
1995-04-01,137352
1995-05-01,139811
1995-06-01,142949
1995-07-01,137475
1995-08-01,144003
1995-09-01,142569
1995-10-01,143657
1995-11-01,143817
1995-12-01,140236
1996-01-01,147112
1996-02-01,138716
1996-03-01,140166
1996-04-01,148123
1996-05-01,152967
1996-06-01,144131
1996-07-01,147315
1996-08-01,144095
1996-09-01,149634
1996-10-01,150834
1996-11-01,151214
1996-12-01,144846
1997-01-01,144713
1997-02-01,150267
1997-03-01,153274
1997-04-01,152649
1997-05-01,153063
1997-06-01,154500
1997-07-01,156978
1997-08-01,155647
1997-09-01,153056
1997-10-01,157106
1997-11-01,152798
1997-12-01,154442
1998-01-01,149499
1998-02-01,147429
1998-03-01,147093
1998-04-01,150464
1998-05-01,146590
1998-06-01,158157
1998-07-01,160167
1998-08-01,155684
1998-09-01,159734
1998-10-01,158208
1998-11-01,156912
1998-12-01,160793
1999-01-01,159954
1999-02-01,167072
1999-03-01,167195
1999-04-01,167681
1999-05-01,164689
1999-06-01,166830
1999-07-01,169934
1999-08-01,168741
1999-09-01,168889
1999-10-01,170663
1999-11-01,177472
1999-12-01,185045
2000-01-01,184676
2000-02-01,176352
2000-03-01,187906
2000-04-01,183725
2000-05-01,178929
2000-06-01,175368
2000-07-01,171776
2000-08-01,183390
2000-09-01,185769
2000-10-01,185369
2000-11-01,183993
2000-12-01,185294
2001-01-01,188192
2001-02-01,189203
2001-03-01,197455
2001-04-01,201615
2001-05-01,206540
2001-06-01,205260
2001-07-01,204878
2001-08-01,203649
2001-09-01,198558
2001-10-01,206677
2001-11-01,207550
2001-12-01,209290
2002-01-01,217321
2002-02-01,219966
2002-03-01,206789
2002-04-01,208700
2002-05-01,215094
2002-06-01,209818
2002-07-01,213148
2002-08-01,212437
2002-09-01,212711
2002-10-01,214144
2002-11-01,214383
2002-12-01,221742
2003-01-01,219258
2003-02-01,216078
2003-03-01,208246
2003-04-01,211887
2003-05-01,213124
2003-06-01,218419
2003-07-01,217640
2003-08-01,220213
2003-09-01,219205
2003-10-01,222735
2003-11-01,214612
2003-12-01,212946
2004-01-01,212536
2004-02-01,210322
2004-03-01,221222
2004-04-01,221765
2004-05-01,218891
2004-06-01,222773
2004-07-01,224037
2004-08-01,220820
2004-09-01,218907
2004-10-01,218000
2004-11-01,225573
2004-12-01,224471
2005-01-01,220274
2005-02-01,226618
2005-03-01,228202
2005-04-01,228516
2005-05-01,234195
2005-06-01,236913
2005-07-01,236450
2005-08-01,237852
2005-09-01,237879
2005-10-01,236787
2005-11-01,237341
2005-12-01,241758
2006-01-01,242619
2006-02-01,246794
2006-03-01,251494
2006-04-01,255257
2006-05-01,253839
2006-06-01,257741
2006-07-01,258037
2006-08-01,254884
2006-09-01,254781
2006-10-01,256903
2006-11-01,260614
2006-12-01,270232
2007-01-01,280098
2007-02-01,275052
2007-03-01,278405
2007-04-01,281745
2007-05-01,289401
2007-06-01,288080
2007-07-01,288841
2007-08-01,293431
2007-09-01,297339
2007-10-01,295943
2007-11-01,298893
2007-12-01,296694
2008-01-01,294251
2008-02-01,299323
2008-03-01,306539
2008-04-01,304512
2008-05-01,305320
2008-06-01,307558
2008-07-01,310609
2008-08-01,313684
2008-09-01,308559
2008-10-01,314332
2008-11-01,316897
2008-12-01,311957
2009-01-01,309552
2009-02-01,321367
2009-03-01,325481
2009-04-01,318896
2009-05-01,317075
2009-06-01,320961
2009-07-01,322593
2009-08-01,314453
2009-09-01,310870
2009-10-01,307866
2009-11-01,302635
2009-12-01,300330
2010-01-01,298296
2010-02-01,292195
2010-03-01,300311
2010-04-01,307905
2010-05-01,306066
2010-06-01,307056
2010-07-01,302457
2010-08-01,308148
2010-09-01,316474
2010-10-01,307128
2010-11-01,301529
2010-12-01,292968
2011-01-01,293706
2011-02-01,288693
2011-03-01,290393
2011-04-01,284917
2011-05-01,282865
2011-06-01,284369
2011-07-01,279864
2011-08-01,287691
2011-09-01,289537
2011-10-01,284575
2011-11-01,286995
2011-12-01,289373
2012-01-01,284790
2012-02-01,282754
2012-03-01,279952
2012-04-01,278772
2012-05-01,281548
2012-06-01,285755
2012-07-01,280813
2012-08-01,280699
2012-09-01,274961
2012-10-01,274834
2012-11-01,274113
2012-12-01,268128
2013-01-01,266184
2013-02-01,272082
2013-03-01,262177
2013-04-01,270003
2013-05-01,269164
2013-06-01,271864
2013-07-01,273029
2013-08-01,273848
2013-09-01,272683
2013-10-01,271014
2013-11-01,270092
2013-12-01,269747
2014-01-01,264326
2014-02-01,264241
2014-03-01,266214
2014-04-01,271505
2014-05-01,273635
2014-06-01,273824
2014-07-01,282412
2014-08-01,281471
2014-09-01,276738
2014-10-01,286566
2014-11-01,280272
2014-12-01,284197
2015-01-01,281353
2015-02-01,280677
2015-03-01,283456
2015-04-01,292894
2015-05-01,294390
2015-06-01,299650
2015-07-01,300511
2015-08-01,305657
2015-09-01,299018
2015-10-01,291812
2015-11-01,287566
2015-12-01,298029
2016-01-01,303453
2016-02-01,301093
2016-03-01,300005
2016-04-01,294558
2016-05-01,290865
2016-06-01,301397
2016-07-01,292178
2016-08-01,292172
2016-09-01,297923
2016-10-01,298001
2016-11-01,301823
2016-12-01,296774
2017-01-01,287807
2017-02-01,297121
2017-03-01,298083
2017-04-01,289103
2017-05-01,297929
2017-06-01,296321
2017-07-01,296134
2017-08-01,295302
2017-09-01,296278
2017-10-01,302893
2017-11-01,305680
2017-12-01,301287
2018-01-01,299294
2018-02-01,300043
2018-03-01,303682
2018-04-01,309796
2018-05-01,312421
2018-06-01,312462
2018-07-01,315115
2018-08-01,323056
2018-09-01,308855
2018-10-01,311961
2018-11-01,309571
2018-12-01,309826
2019-01-01,319155
2019-02-01,328767
2019-03-01,328105
2019-04-01,352376
2019-05-01,345791
2019-06-01,342504
2019-07-01,351838
2019-08-01,347392
2019-09-01,352772
2019-10-01,349461
2019-11-01,351453
2019-12-01,355543
2020-01-01,370536
2020-02-01,374025
2020-03-01,373479
2020-04-01,370326
2020-05-01,374076
2020-06-01,374082
2020-07-01,369108
2020-08-01,364073
2020-09-01,365248
2020-10-01,364591
2020-11-01,366691
2020-12-01,370455
2021-01-01,367708
2021-02-01,358805
2021-03-01,362075
2021-04-01,359077
2021-05-01,360201
2021-06-01,354695
2021-07-01,356522
2021-08-01,357471
2021-09-01,352179
2021-10-01,351224
2021-11-01,358306
2021-12-01,358673
2022-01-01,362403
2022-02-01,367225
2022-03-01,372181
2022-04-01,376768
2022-05-01,370673
2022-06-01,378247
2022-07-01,387197
2022-08-01,391175
2022-09-01,392877
2022-10-01,394230
2022-11-01,396982
2022-12-01,404031
2023-01-01,412065
2023-02-01,421141
2023-03-01,432650
2023-04-01,439794
2023-05-01,450845
2023-06-01,456450
2023-07-01,453224
2023-08-01,461709
2023-09-01,470539
2023-10-01,478106
2023-11-01,486700
2023-12-01,492138
2024-01-01,484291
2024-02-01,494962
2024-03-01,490463
2024-04-01,496519
2024-05-01,495443
2024-06-01,488895
2024-07-01,499080
2024-08-01,503833
2024-09-01,505804
2024-10-01,513359
2024-11-01,510465
2024-12-01,504132
2025-01-01,506372
2025-02-01,505130
2025-03-01,508171
2025-04-01,513871
2025-05-01,514423
2025-06-01,515592
2025-07-01,519713
2025-08-01,521485
2025-09-01,525868
2025-10-01,525386
2025-11-01,526727
2025-12-01,525996
2026-01-01,529234
